{"cameraMode":{"drawMode":0,"name":"Shaded","section":"Shading Mode"},"sceneLighting":true,"audioPlay":false,"sceneViewState":{"showFog":false,"showMaterialUpdate":false,"showSkybox":false,"showFlares":false,"showImageEffects":false,"showParticleSystems":false},"in2DMode":false,"pivot":{"x":18.064712524414064,"y":13.699999809265137,"z":-46.180511474609378},"rotation":{"x":0.13826574385166169,"y":-0.12355421483516693,"z":0.01738734170794487,"w":0.9825044274330139},"size":39.211944580078128,"orthographic":false}